filename,doc_type
CA_DL_1440714451127-2-3.png,CA_DL
CA_DL_17mqtx8yfb2mnjpg.jpg,CA_DL
CA_DL_382241458_200293e67d.jpg,CA_DL
CA_DL_4ab537914f9f.jpg,CA_DL
CA_DL_7457597_1_x.jpg,CA_DL
CA_DL_92308cce49ae7a2e811046a4b1ca80bd--drivers-license-psd.jpg,CA_DL
CA_DL_cadl.jpg,CA_DL
CA_DL_CalHaz.jpg,CA_DL
CA_DL_Cali3.jpg,CA_DL
CA_DL_Cali5.jpg,CA_DL
CA_DL_CaliBaby.jpg,CA_DL
CA_DL_california-drivers-license-johnm.jpg,CA_DL
CA_DL_California_Drivers_License.jpg,CA_DL
CA_DL_CaliFour.jpg,CA_DL
CA_DL_CaliSample15.jpg,CA_DL
CA_DL_CaliSample16.jpg,CA_DL
CA_DL_EdMcahon.jpg,CA_DL
CA_DL_IMG_1402.jpg,CA_DL
CA_DL_l9vrkh-l9vrjioldcard.jpg,CA_DL
CA_DL_lohan-drivers-license.jpg,CA_DL
CA_DL_MyltonB.jpg,CA_DL
CA_DL_New+California+Driver+Licenses.jpg,CA_DL
CA_DL_new-dl-2012-1.jpg,CA_DL
CA_DL_TimCook.jpg,CA_DL
CA_DL_WhitneyH.jpg,CA_DL
GRC_Passport_generated.photos_0139935.png,GRC_Passport
GRC_Passport_generated.photos_0193017.png,GRC_Passport
GRC_Passport_generated.photos_0210845.png,GRC_Passport
GRC_Passport_generated.photos_v3_0000170.png,GRC_Passport
GRC_Passport_generated.photos_v3_0000333.png,GRC_Passport
GRC_Passport_generated.photos_v3_0003285.png,GRC_Passport
GRC_Passport_generated.photos_v3_0003317.png,GRC_Passport
GRC_Passport_generated.photos_v3_0003357.png,GRC_Passport
GRC_Passport_generated.photos_v3_0003687.png,GRC_Passport
GRC_Passport_generated.photos_v3_0004021.png,GRC_Passport
GRC_Passport_generated.photos_v3_0004872.png,GRC_Passport
GRC_Passport_generated.photos_v3_0005252.png,GRC_Passport
GRC_Passport_generated.photos_v3_0005659.png,GRC_Passport
GRC_Passport_generated.photos_v3_0005821.png,GRC_Passport
GRC_Passport_generated.photos_v3_0005944.png,GRC_Passport
GRC_Passport_generated.photos_v3_0007944.png,GRC_Passport
GRC_Passport_generated.photos_v3_0008043.png,GRC_Passport
GRC_Passport_generated.photos_v3_0008825.png,GRC_Passport
GRC_Passport_generated.photos_v3_0009540.png,GRC_Passport
GRC_Passport_generated.photos_v3_0009572.png,GRC_Passport
GRC_Passport_generated.photos_v3_0010192.png,GRC_Passport
GRC_Passport_generated.photos_v3_0010320.png,GRC_Passport
GRC_Passport_generated.photos_v3_0010375.png,GRC_Passport
GRC_Passport_generated.photos_v3_0010442.png,GRC_Passport
GRC_Passport_generated.photos_v3_0010602.png,GRC_Passport
IL_DL_0000434_illinois-driver-license.jpg,IL_DL
IL_DL_10.png,IL_DL
IL_DL_11.jpg,IL_DL
IL_DL_12.jpg,IL_DL
IL_DL_13.png,IL_DL
IL_DL_14.jpg,IL_DL
IL_DL_15.jpg,IL_DL
IL_DL_16.jpg,IL_DL
IL_DL_19.jpg,IL_DL
IL_DL_20.jpg,IL_DL
IL_DL_22.jpg,IL_DL
IL_DL_23.jpg,IL_DL
IL_DL_25.jpg,IL_DL
IL_DL_7.jpg,IL_DL
IL_DL_9.png,IL_DL
IL_DL_Driver's License Disney.jpg,IL_DL
IL_DL_Driver-s license_8592373_ver1.0_640_360.jpg,IL_DL
IL_DL_il-238x150.jpg,IL_DL
IL_DL_ILLicense.jpg,IL_DL
IL_DL_ILLINOIS.jpg,IL_DL
IL_DL_illinois_drivers_license.png,IL_DL
IL_DL_Screenshot 2025-05-01 162613.png,IL_DL
IL_DL_Screenshot 2025-05-01 163006.png,IL_DL
IL_DL_Screenshot 2025-05-01 163038.png,IL_DL
IL_DL_Screenshot 2025-05-01 163215.png,IL_DL
IL_DL_Screenshot 2025-05-01 163343.png,IL_DL
IND_Gov_08c15707643a408ca1098c2c354b6be8.jpg,IND_Gov
IND_Gov_20c3b6349c3641bfa18ce1f9e6920eb8.jpeg,IND_Gov
IND_Gov_236350d54dfd439da49d59b8c55684a8.jpg,IND_Gov
IND_Gov_50a97bbf22a7463189030be46a5f976d.jpg,IND_Gov
IND_Gov_53e1a51d1dfa4558a221aff2c4821c0a.jpeg,IND_Gov
IND_Gov_59795b626e674e3c985d9cad58863aa8.jpg,IND_Gov
IND_Gov_5e4b892c443347e0b0bef530e9f05b02.jpg,IND_Gov
IND_Gov_6382e6acb89b481eb6850074b9c5b8c6.jpg,IND_Gov
IND_Gov_63f2f406e9d4418f94d3650771b3dad7.png,IND_Gov
IND_Gov_66c1adbde63e46268100753e0933944c.jpg,IND_Gov
IND_Gov_84799f6bc8ad4b72b845826ba305e4a2.jpg,IND_Gov
IND_Gov_90cdbd5004904e75b84c8d28aebcee20.jpg,IND_Gov
IND_Gov_94e40a912a4544cd84ad1962039bb53f.jpg,IND_Gov
IND_Gov_9b7ac8f5123a4262a4600d16f96dc2fe.jpg,IND_Gov
IND_Gov_b1b05176a38a4d3b8c43e607a0694f32.jpg,IND_Gov
IND_Gov_b27d3ad0b8be483b88240611e1d1d565.jpg,IND_Gov
IND_Gov_d23e1ec9063c428183e2c5d465309892.jpg,IND_Gov
IND_Gov_e6414a3a17bd4486b43154a2bf79a0d8.jpg,IND_Gov
IND_Gov_ee6911460a734da792998e86d947ab54.jpg,IND_Gov
IND_Gov_f4d963a71d2f4dc3ba60bebc385b3853.jpg,IND_Gov
IND_Gov_f62f95ae09e04485a7c10de4f148f76d.jpg,IND_Gov
IND_Passport_04e7d2febe4a462ab9cbde94c8a4b672.jpg,IND_Passport
IND_Passport_1b1ce25ebf5b4097899720b4d8048737.jpg,IND_Passport
IND_Passport_2049e23982ba4b32be24c32dfbf02ef5.jpg,IND_Passport
IND_Passport_2d67c84eee4b4940bbe97bca2d0199ae.jpg,IND_Passport
IND_Passport_2ef02ff45d5f44dca6cd24540cc07abf.jpg,IND_Passport
IND_Passport_3468f12a04c747c39591ceda4b78ed31.jpg,IND_Passport
IND_Passport_3799c7a5c6bd4661ac5a64c737763290.jpg,IND_Passport
IND_Passport_37f1cfcdda0e4b7d813dbb5811374f07.jpg,IND_Passport
IND_Passport_38177d815e5f4454b0b8e50927bfbbcd.jpg,IND_Passport
IND_Passport_39e2f04ed6e44a99a0b1988b8317856b.jpg,IND_Passport
IND_Passport_3aff6f0c5c914e89aa6846e334323070.jpg,IND_Passport
IND_Passport_40870bc0e8964860a1f27922d5617dee.jpg,IND_Passport
IND_Passport_41bad19f6c3f42faa5be34dcbc2b524b.jpg,IND_Passport
IND_Passport_433c46f3aeca4a5482bf905d24429f75.jpg,IND_Passport
IND_Passport_500e8e2f446246a8a080cace255e582d.jpg,IND_Passport
IND_Passport_976d49afe46149f7aeead98fd90a5df9.jpg,IND_Passport
IND_Passport_998e61d50cb448a8bcefc166cf3740ac.jpg,IND_Passport
IND_Passport_9e0535faa55146d5b0178b30667e479c.jpg,IND_Passport
IND_Passport_a3cb07dc946d415a8097b67e850928f7.jpg,IND_Passport
IND_Passport_a85820cf165f48f4a91473022e1e1219.jpg,IND_Passport
IND_Passport_b1a86c5b0bc94cb7a2779e555315bb28.jpg,IND_Passport
IND_Passport_b6da9e3fab0c4f15b41e94cde72a9ec5.jpg,IND_Passport
IND_Passport_e80f1e9e338a4762bae43afc92992027.jpg,IND_Passport
IND_Passport_fd40e59f81104a15bdd4704f4132adb3.jpg,IND_Passport
IND_Passport_fe02a14e37e04ba29cac55e2ab50a80f.jpg,IND_Passport
MAL_DL_0ab36c943cda447db7178f4aa47215ea.jpg,MAL_DL
MAL_DL_0bbe7d641e9e4be39eb88472ff361bbe.jpg,MAL_DL
MAL_DL_1f97625081564ca8958d835e0fa7f25a.jpg,MAL_DL
MAL_DL_27df2f2693324c4dae380d7205c7d2b1.jpeg,MAL_DL
MAL_DL_3579751f4f0a42c2a3057f8efd9090ca.jpg,MAL_DL
MAL_DL_5d1d53dc5dba414b80a70720fb57e814.jpg,MAL_DL
MAL_DL_6f8da32734214258bd932f93361720f4.jpg,MAL_DL
MAL_DL_74e8a4425a8d431b9564cad47d3ec510.jpg,MAL_DL
MAL_DL_76ea739fa58e441eb3f27e94fc6f4b08.jpg,MAL_DL
MAL_DL_8e024abdd15647f1975de00b041610ca.jpg,MAL_DL
MAL_DL_b1fbbc2950d445d3bd4125b5f5dcde46.jpg,MAL_DL
MAL_DL_b26c2eb225874510b1bfb25923a42ac3.jpg,MAL_DL
MAL_DL_b352882eb6984ed394e11fde347394d2.jpg,MAL_DL
MAL_DL_b7b0644a471f41388f581374be23204c.jpeg,MAL_DL
MAL_DL_c001af7a3dbc4c868adbda0eaea4e29b.jpeg,MAL_DL
MAL_DL_c2a4e47e2ee7412281a98bad93d3e0b2.jpg,MAL_DL
MAL_DL_c91e398c5027492a86641b5b5b2f5adf.jpg,MAL_DL
MAL_DL_cf1fb5fe2b954594aa86e0064b372544.jpg,MAL_DL
MAL_DL_d196673734154f6ebaf8c06b21ae36b3.jpg,MAL_DL
MAL_DL_d29f932aa05745299597b6d57ed04a5c.jpeg,MAL_DL
MAL_DL_ea76722bd5064e2dbd0630533d74cf5a.jpg,MAL_DL
MAL_DL_ec56109ff07e4d548982360658932ec5.jpg,MAL_DL
MAL_DL_eed345dc0e8143b8b68d9a0c9b0ab311.jpeg,MAL_DL
MAL_DL_f9d339f989c145ee8a6d5ca9e178b96f.jpg,MAL_DL
MAL_DL_fd93a98ff2f3440285c9432c56bdc08e.jpg,MAL_DL
NJ_DL_005fba45ee8e42d49cc6ac610d30aa79.jpg,NJ_DL
NJ_DL_013a3a86e554457eb319d06ec9412bb4.gif,NJ_DL
NJ_DL_03ec2f36e9864473aa1bbb87e3e9899e.jpg,NJ_DL
NJ_DL_0f0dc657970f435fbb49d9be91ac60f4.jpg,NJ_DL
NJ_DL_1ce3a2bb270d41c5a535ca0a3a01f547.jpg,NJ_DL
NJ_DL_29b7918d8a2848018bab376d5a9fccd4.jpg,NJ_DL
NJ_DL_5f756720baeb4bd1ab481f1b9c1bcad1.jpg,NJ_DL
NJ_DL_60ac343aa51448ad8f78b3ac737a5457.jpg,NJ_DL
NJ_DL_6bcec177d10741dab59cb4a02e0a9266.jpg,NJ_DL
NJ_DL_795e957e04f34c0b8f749bc7a3944c41.jpg,NJ_DL
NJ_DL_87f33bb086124e8eb2deb9355bdb3d0e.png,NJ_DL
NJ_DL_9b0ffb7d674648dd90f3d795b4084c1f.jpg,NJ_DL
NJ_DL_a3929df01ee1481a938e98516d6208e6.jpg,NJ_DL
NJ_DL_a7f5c1bd59af4d21aadf439b4aadc467.png,NJ_DL
NJ_DL_afdfa557fddd43199efb691552b243e9.jpg,NJ_DL
NJ_DL_b4dc66b297a3427db43f7f2f97bceced.jpg,NJ_DL
NJ_DL_b6c3472d21494ff6bb4be40f8a2076f8.png,NJ_DL
NJ_DL_cc43325ea7554c9299f4763b19531052.jpg,NJ_DL
NJ_DL_d3fccfd8cbe346218159548ceff7d274.jpg,NJ_DL
NJ_DL_e4b7041b904c442086e63b445ed83f0f.jpg,NJ_DL
NJ_DL_ebbe599fcb42478ba5dcb4383a6ccaf2.jpg,NJ_DL
NJ_DL_f0fe6b94584a41d8846d566ab4a9ac2c.jpg,NJ_DL
NJ_DL_f1942f8980594a26843bd6813226376a.jpg,NJ_DL
NJ_DL_f33bb3b2b6f248728e62ea5ef6854f07.jpg,NJ_DL
NJ_DL_fb0ffc57b02f4b2e8a53e510f9cdb6ad.jpg,NJ_DL
NY_DL_1a76eadbb8264146aaf199f8b5f2115f.jpg,NY_DL
NY_DL_1b91d58a5e37421fb0d15ef313ec2f70.jpg,NY_DL
NY_DL_1df23d19854542a9b230c7215e7e9eb7.jpg,NY_DL
NY_DL_28c81607ce4a4bc3ab371459017dce26.jpg,NY_DL
NY_DL_2cb7982f1b8a45c5a567aeada697ebd9.jpg,NY_DL
NY_DL_2d471e113e4f4ec193d197dfb7787cfc.jpg,NY_DL
NY_DL_2fca428aa75c480eadcf29aa586155ba.jpg,NY_DL
NY_DL_323bd367f6cc450799b75edc94e732cd.png,NY_DL
NY_DL_3e5d9a5532e1451b9634619be2c0b153.jpg,NY_DL
NY_DL_418ba409f4074b1fb2b9cf6ba574c61f.jpg,NY_DL
NY_DL_5eb0ce3bd10040569406fc217c3c68c8.jpg,NY_DL
NY_DL_5f7627405c274e9e9ffd0af8a2b4001e.jpg,NY_DL
NY_DL_7697902313fb4d58b4e6d411c60f501c.jpg,NY_DL
NY_DL_7be467cc35b74e3fbc4b83256746001c.jpg,NY_DL
NY_DL_910a441d911d44cb898e9d6a3906f556.jpg,NY_DL
NY_DL_9398337a10c648fcbe63f1a3bbd9d6cc.jpg,NY_DL
NY_DL_a45e01a52c4c444f8038acaf5a23db65.jpg,NY_DL
NY_DL_b317b17e7154458bb691c98324148b6c.png,NY_DL
NY_DL_cb0697fdf6a7456784e1c42b7b39241e.jpg,NY_DL
NY_DL_d25883930e7d45278292526fbf5f354d.jpg,NY_DL
NY_DL_dd00734b208a43f6961d308f34f795c3.jpg,NY_DL
NY_DL_e18baad7d482487885f4d3176a14022c.jpg,NY_DL
NY_DL_e8ae9b6d00234f4f843beb2386aa4420.jpg,NY_DL
NY_DL_fc1e87f35b274bca8a60b4e27d6c4f58.png,NY_DL
PAK_ID_0da07d97fe824261b8e58ca422c32027.jpg,PAK_ID
PAK_ID_1b317485025f4b8d9ade8e9eda445119.jpg,PAK_ID
PAK_ID_246ec4a5d45344ba9228e993c438f2d1.jpg,PAK_ID
PAK_ID_41b478d75c3940a2839b02710e1c1303.jpg,PAK_ID
PAK_ID_44511df25056400e86132f2578c1f6be.jpg,PAK_ID
PAK_ID_4846613c00a94bc1aba2eedcab4747e2.jpg,PAK_ID
PAK_ID_50e299fd554345348218e13db33873f4.jpg,PAK_ID
PAK_ID_535f611703394963966fffe9bd5f5e1e.jpg,PAK_ID
PAK_ID_5c26c2a4e8394a508089dcf60c6158bb.jpg,PAK_ID
PAK_ID_601ac8cffc6e4fee9429ff56305d4718.jpg,PAK_ID
PAK_ID_601d3d61a13c430c8c6da5454251417e.jpg,PAK_ID
PAK_ID_662012522b5b44bbac06a8c9badc8c4c.jpg,PAK_ID
PAK_ID_7003c852f0a249ccae650334b4db03e7.jpg,PAK_ID
PAK_ID_7bca7260490340698cbacafa93c8e9eb.jpg,PAK_ID
PAK_ID_b161841a7aa24a1c8634689a997ffb76.jpg,PAK_ID
PAK_ID_b5ebbb9cfd0449b6b48e1a1bd7bebe4b.jpg,PAK_ID
PAK_ID_b75c71cbedcd4b04bc974d6b39709ac8.jpg,PAK_ID
PAK_ID_bb19a3b713ba4c22aa9965c8471cd2b7.jpg,PAK_ID
PAK_ID_bd1adf7664fb480683d180cce8faea0b.jpg,PAK_ID
PAK_ID_d0d5870df59b44688bc6fb222c38f731.jpg,PAK_ID
PAK_ID_e1f0a1949fdc4e42a507f80ca25bb6d6.jpg,PAK_ID
PAK_ID_e830f371c8cf42118dfd0e5998c6ad2f.jpg,PAK_ID
PAK_ID_f1bca96604154fdea0193d4196dd50cf.jpg,PAK_ID
PAK_ID_f6998295f45b4d1db2f12a08a8a0bbc4.jpg,PAK_ID
PAK_ID_ff0329b53d114d45892a1e5b6e69eaf1.jpg,PAK_ID
PAK_Passport_017919abd0894e85aa874a342cd46cbb.jpg,PAK_Passport
PAK_Passport_04cefa5fcc0a4a94a0dabe648e3fbc74.jpg,PAK_Passport
PAK_Passport_1e67bc16fdd64582812622041fbb9be5.jpg,PAK_Passport
PAK_Passport_382c0dd1ec94418482e2b86155d8ff47.jpg,PAK_Passport
PAK_Passport_503f9be5e65f4ac7a300067bc1650e0f.jpg,PAK_Passport
PAK_Passport_559e7df7cfdd4a1898a0f942b4460bed.jpg,PAK_Passport
PAK_Passport_6410225a32fc4e3b8501f0b5505b70e1.jpg,PAK_Passport
PAK_Passport_69e7d285240040cc9d9946d0b90a123c.jpg,PAK_Passport
PAK_Passport_746139269f724f50b9c69874973ccc85.jpg,PAK_Passport
PAK_Passport_786fdeb35be6429d8e4f48705f4fd62f.jpg,PAK_Passport
PAK_Passport_79efbae9231646b6b11f0b3998036e25.jpg,PAK_Passport
PAK_Passport_999ce1bc3a83473faffc5fb676a8d496.jpg,PAK_Passport
PAK_Passport_9d0cf3a91ed1405fb255315b3434f1f9.jpg,PAK_Passport
PAK_Passport_9ecd41d44b434badaa2b263de3e85e77.jpg,PAK_Passport
PAK_Passport_a217e49971fc4d04b57184d630a3151f.jpg,PAK_Passport
PAK_Passport_ab4a90fbf39d43049f0a37735aa83b95.jpg,PAK_Passport
PAK_Passport_b08cee5fbf6d4dbc8caf47b9a35e6e1d.jpg,PAK_Passport
PAK_Passport_b8f8ef44debb48adb638a1a542602a4a.jpg,PAK_Passport
PAK_Passport_d4356648a5ea418dbb39edebf4f5816e.jpg,PAK_Passport
PAK_Passport_d694c4c7e48b40198fff174dbced6cdf.jpg,PAK_Passport
PAK_Passport_e08bc60a1e324433bf3a7da7c90fdd61.jpg,PAK_Passport
PAK_Passport_e417358581214af6b314b9d500ff9d62.jpg,PAK_Passport
PAK_Passport_e5f75e4ba92145769e32f77e61eb396d.jpg,PAK_Passport
PAK_Passport_ea8bd616e54e406bb364f2b466921e43.jpg,PAK_Passport
PAK_Passport_ec24b9570e1d4c5697ca2ee5a120ab85.jpg,PAK_Passport
RUS_ID_229fad642c324046a5be5493551bc640.png,RUS_ID
RUS_ID_2ea690058f164e99ac4668737def6e68.png,RUS_ID
RUS_ID_35d10075aabf447fb1b50f623b4f87a6.png,RUS_ID
RUS_ID_4b144f3b0b924299bc5ae4acd5e9b934.png,RUS_ID
RUS_ID_57a232b440b14698a039e14fcf78cbaf.png,RUS_ID
RUS_ID_5df3aa3a334d48d186862bfb7f1135b8.png,RUS_ID
RUS_ID_6d36bec2fbf1426daf3ca6feb4cc6689.png,RUS_ID
RUS_ID_7401fb5bbfb1427aa1e50e1ee55170d7.png,RUS_ID
RUS_ID_79d0de683e194185b3b5c62caefd84e9.png,RUS_ID
RUS_ID_838eadf237fc40498839c1f98bdbbc6a.png,RUS_ID
RUS_ID_8bd431801735400faefcd21ab301f7ca.png,RUS_ID
RUS_ID_9812f1d2c4ab4e3ebc5ce5129bc4b39b.png,RUS_ID
RUS_ID_9c0fc8d95b61431f85247a2a670a832a.png,RUS_ID
RUS_ID_ae2c93f2c2fd4cd9bd520be88c81be21.png,RUS_ID
RUS_ID_bf688966b22a4dc7a1fcc07832cfeb28.png,RUS_ID
RUS_ID_c7e93bcda9de47f1a0652748f5e2a3ea.png,RUS_ID
RUS_ID_ca5d27b9119145ed9a1da513c08bc3a8.png,RUS_ID
RUS_ID_cdd19c43cc7449bdb8594947c958749d.png,RUS_ID
RUS_ID_d3af7ffc36e64f588c062552d3380b06.png,RUS_ID
RUS_ID_d4d829bd3bf34673a2166e6ec6d46091.png,RUS_ID
RUS_ID_d7f75031e3b040c59f8101ea6ecc5b04.png,RUS_ID
RUS_ID_e7dc622d70df40ae9e967f074b799796.png,RUS_ID
RUS_ID_e9cee68d60db441582146b44b11e4f83.png,RUS_ID
RUS_ID_edfe1f6f98b249b59c142b18c4bc59d9.png,RUS_ID
RUS_ID_f36784a01e5248ceaca3fbc2a6665eb0.png,RUS_ID
TX_DL_046b2c796f8342a6a2d9d3e76763d1cc.png,TX_DL
TX_DL_070b8886d5fe429e98da58050b3ad217.jpg,TX_DL
TX_DL_08e3713776d24ee0be27c90a92872516.jpg,TX_DL
TX_DL_219f431f4a0542e28211af90ce83a24e.jpg,TX_DL
TX_DL_298872c516d14b29bf2be979648bf5c9.jpg,TX_DL
TX_DL_2ab5e4d669414330ae87d7fb4ee7fe1c.jpg,TX_DL
TX_DL_350a9199b1154828bcdda5d4b4df2f22.jpg,TX_DL
TX_DL_38205add1ffb4005a326ec5e0f670dc5.jpg,TX_DL
TX_DL_578002292a604ff9a19208499e86cc3f.jpg,TX_DL
TX_DL_5a02b2e717f242ad88a79075c080ab9b.jpg,TX_DL
TX_DL_76cdad04cbc84f8a8e3ed38a2fba1e0b.jpg,TX_DL
TX_DL_814e5449353d487c842e21f742abb1b9.jpg,TX_DL
TX_DL_8410e82c79c9493299a77c5f12019f6d.jpg,TX_DL
TX_DL_8631378ecd694e7197c97239355c5f68.png,TX_DL
TX_DL_8da8726155704945b9736dcac5202ab9.jpeg,TX_DL
TX_DL_9d4e44c798914b5ab150b00c6987b3e1.jpg,TX_DL
TX_DL_a74d2709ab504b13bbcf532bc3c039c2.jpg,TX_DL
TX_DL_acc643a07dd445098c681ad30bc4fdb6.jpg,TX_DL
TX_DL_b5b51965b5c04ef2820c64272b87cc51.jpg,TX_DL
TX_DL_c33e353c69e64f48a1aacaa7c8a20c25.jpg,TX_DL
TX_DL_c5d900d518e3420a9925a50d97989229.jpg,TX_DL
TX_DL_c98ca87b155c4ce8aa3ac4240e9032e8.jpg,TX_DL
TX_DL_d2c378d02df746b5beef5460f8a4605d.jpg,TX_DL
TX_DL_d62bf97c43f44a18b819637b525d3630.jpg,TX_DL
TX_DL_d957db6f4ed049cda50096e7499462c3.jpg,TX_DL
TX_DL_e97f1f02a9f14a069d1983c40a04800b.jpg,TX_DL
TX_DL_f2274cba59014f32a6ff1bdff073ff78.jpg,TX_DL
US_Passport_0229ceaf5a45481491a4949f3dd755a1.png,US_Passport
US_Passport_032cf94507c1476ebd3f9df07607a355.png,US_Passport
US_Passport_0a0c9b1913c141628e860f6457bf0c9d.png,US_Passport
US_Passport_4ea459ce37d04de196327194659ff14e.png,US_Passport
US_Passport_5d2de3ac2fd64c97b1c83bec313145a6.png,US_Passport
US_Passport_5e996d74251049319aa03bdacd60db5f.png,US_Passport
US_Passport_6849acbfc2d44944b298c1d56d62ca4f.png,US_Passport
US_Passport_77366b3e71304eed8e162fc241e2b700.png,US_Passport
US_Passport_93d0c65070e348ea9c7cde52ccae41ee.png,US_Passport
US_Passport_a16f66dfe3df4f798b02b4fc5c2ee33a.png,US_Passport
US_Passport_ad55b6caad0c4f8283398c326161259a.png,US_Passport
US_Passport_af898bf4a55941478625bcb771d04446.png,US_Passport
US_Passport_b30aea67d7524214972edf4e08ad7e46.png,US_Passport
US_Passport_b6811bedee7d43f78b415571bda8458c.png,US_Passport
US_Passport_b75292bec9494b828ee43d76eb0b292b.png,US_Passport
US_Passport_ba3dc778373a48699d49b35204a76ce7.png,US_Passport
US_Passport_bee910616574439086b67ae6d53e94d5.png,US_Passport
US_Passport_ce0a5129d90b4e51abf74448c86a9b8c.png,US_Passport
US_Passport_ce1138bd5a934ecface2d09c33cf94e2.png,US_Passport
US_Passport_e3485b693c3c4f9c807d0af9ab876a9a.png,US_Passport
US_Passport_ec265c28860f4a0eaf385767c1d4d1a4.png,US_Passport
US_Passport_f2aeb4d9794e4a06b1d9b9161784c13a.png,US_Passport
WV_DL_03d97641604b49af86c0620c20032abc.png,WV_DL
WV_DL_063055400a344a1caf3a795e5e863d81.png,WV_DL
WV_DL_16273bbd41e24903ae7b7f078295efc0.png,WV_DL
WV_DL_2359cd8c43b84e2199f407e8c98704e1.png,WV_DL
WV_DL_2a985b46e26446ee8bea128ef2e4c7d1.png,WV_DL
WV_DL_2c3b66a252d3450fb1909e8379a535e1.png,WV_DL
WV_DL_2e1598fe8947497c9e7d2be6dc8d4285.png,WV_DL
WV_DL_31fe422f77d24de2a00dc7acf4455aae.png,WV_DL
WV_DL_5dfa116fa52041729df9c68d7177d4c8.png,WV_DL
WV_DL_687efc573f5f4cb68e863c45afb0cb99.png,WV_DL
WV_DL_74f5bad3a49e4f66bb4131e559f5e641.png,WV_DL
WV_DL_7d8b8e2976964bc191df1c88d81866af.png,WV_DL
WV_DL_8d1605e7ea63442c859ee961c2c44642.png,WV_DL
WV_DL_91248611fe90424fabd380b0b4e6aee3.png,WV_DL
WV_DL_a152962b97714d9d9fc2b238d1d9ce27.png,WV_DL
WV_DL_ac3ccd869c8a4690a788206c5db7e85c.png,WV_DL
WV_DL_badda720a6284aadb1e774c00021a403.png,WV_DL
WV_DL_bd7a049dbc9e466e849736bdd5214d7e.png,WV_DL
WV_DL_bd8947f02e8941df8cea24d2d317f824.png,WV_DL
WV_DL_c4d526f16e9243fdb4f51803230c7796.png,WV_DL
WV_DL_c91c5b69c6a242b594304de8d24efe1c.png,WV_DL
WV_DL_d1f3b9c1bb59482b96ddb7766da553e9.png,WV_DL
WV_DL_e4f69043a31d49da8f9883db3e43c0f2.png,WV_DL
WV_DL_e8afb6419be949de9802385cbb91ce88.png,WV_DL
WV_DL_f883ce3f0322419d9d5339740f99b86d.png,WV_DL
